{"trackidx": 2374, "meta": {"sigma": 0.00879279495192934, "r": 0.020455140103608823}, "loss_conf": {}, "control": {"maxiter": 10000, "t_end": 0.0, "tolerance": 1e-06}}