{"meta": {"sigma": 0.009249664147015167, "r": 0.021517978876216957}, "loss_conf": {"contour_term": 0.05}, "control": {"maxiter": 5000, "t_end": 0.0, "tolerance": 1e-06}}