{"trackidx": 2127, "meta": {"sigma": 0.010111825879943321, "r": 0.023523670938346303}, "loss_conf": {}, "control": {"maxiter": 10000, "t_end": 0.0, "tolerance": 1e-06}}