{"trackidx": 238, "meta": {"sigma": 0.010932177604877608, "r": 0.025432098185826455}, "loss_conf": {}, "control": {"maxiter": 10000, "t_end": 0.0, "tolerance": 1e-06}}