{"trackidx": 2565, "meta": {"sigma": 0.010797830058194393, "r": 0.025119558441068928}, "loss_conf": {}, "control": {"maxiter": 10000, "t_end": 0.0, "tolerance": 1e-06}}