{"trackidx": 1686, "meta": {"sigma": 0.011110256058375683, "r": 0.025846371432917}, "loss_conf": {}, "control": {"maxiter": 10000, "t_end": 0.0, "tolerance": 1e-06}}