{"trackidx": 2413, "meta": {"sigma": 0.013013440376641504, "r": 0.030273848939892923}, "loss_conf": {}, "control": {"maxiter": 10000, "t_end": 0.0, "tolerance": 1e-06}}