{"trackidx": 1085, "meta": {"sigma": 0.009606802282555456, "r": 0.02234880805382848}, "loss_conf": {}, "control": {"maxiter": 10000, "t_end": 0.0, "tolerance": 1e-06}}