{
	"qhat": {
		"estimate": 0.15657607155846434,
		"err": 0.005702304068115229,
		"fisher_info": 118143.92612986415
	},
	"ahat": {
		"estimate": 0.7772398318359928,
		"err": 0.00317503873559709,
		"fisher_info": 381078.1836672304
	}
}