{"meta": {"sigma": 0.010797656065904528, "r": 0.025119153673678625}, "loss_conf": {"contour_term": 0.05}, "control": {"maxiter": 5000, "t_end": 0.0, "tolerance": 1e-06}}