{"trackidx": 1367, "meta": {"sigma": 0.00865715635725968, "r": 0.02013959692620131}, "loss_conf": {}, "control": {"maxiter": 10000, "t_end": 0.0, "tolerance": 1e-06}}