{"meta": {"sigma": 0.011817380517573205, "r": 0.027491392153023767}, "loss_conf": {"contour_term": 0.05}, "control": {"maxiter": 5000, "t_end": 0.0, "tolerance": 1e-06}}