{"meta": {"sigma": 0.01414786553277739, "r": 0.03291292168441614}, "loss_conf": {"contour_term": 0.05}, "control": {"maxiter": 5000, "t_end": 0.0, "tolerance": 1e-06}}