{"trackidx": 2420, "meta": {"sigma": 0.009331880342929205, "r": 0.02170924272524354}, "loss_conf": {}, "control": {"maxiter": 10000, "t_end": 0.0, "tolerance": 1e-06}}