{"trackidx": 658, "meta": {"sigma": 0.013855628400891828, "r": 0.032233075115847575}, "loss_conf": {}, "control": {"maxiter": 10000, "t_end": 0.0, "tolerance": 1e-06}}