{"meta": {"sigma": 0.017687320219324343, "r": 0.041146940776127856}, "loss_conf": {"contour_term": 0.05}, "control": {"maxiter": 5000, "t_end": 0.0, "tolerance": 1e-06}}