{"meta": {"sigma": 0.009823209674259209, "r": 0.022852247920327987}, "loss_conf": {"contour_term": 0.05}, "control": {"maxiter": 5000, "t_end": 0.0, "tolerance": 1e-06}}