{"trackidx": 2754, "meta": {"sigma": 0.008442997605565768, "r": 0.01964138818890422}, "loss_conf": {}, "control": {"maxiter": 10000, "t_end": 0.0, "tolerance": 1e-06}}