{"trackidx": 1154, "meta": {"sigma": 0.01598142721324011, "r": 0.03717843239716665}, "loss_conf": {}, "control": {"maxiter": 10000, "t_end": 0.0, "tolerance": 1e-06}}