{"meta": {"sigma": 0.014261847709876218, "r": 0.03317808440168832}, "loss_conf": {"contour_term": 0.05}, "control": {"maxiter": 5000, "t_end": 0.0, "tolerance": 1e-06}}