{"meta": {"sigma": 0.012660288784125492, "r": 0.029452293866424218}, "loss_conf": {"contour_term": 0.05}, "control": {"maxiter": 5000, "t_end": 0.0, "tolerance": 1e-06}}