{"meta": {"sigma": 0.013015373655258709, "r": 0.030278346427346052}, "loss_conf": {"contour_term": 0.05}, "control": {"maxiter": 5000, "t_end": 0.0, "tolerance": 1e-06}}