{"update": {"angle_sigma": 0.2243994752564138}, "params": {"l": 1.0, "sigma": 0.05, "N": 40, "dx": 0.1, "p_threshold": 0.98, "angle_sigma": 0.2243994752564138}, "meta": {"sigma": 0.051782710437458745, "r": 0.12046483544011313}, "loss_conf": {}, "control": {"maxiter": 5000, "t_end": 0.0, "tolerance": 1e-06}}