{"initial_exec_time": 56.31947260798188, "execution_time": 279.9508211459615, "solver_iter": 273}