{"meta": {"sigma": 0.010564687639696138, "r": 0.02457718700393794}, "loss_conf": {"contour_term": 0.05}, "control": {"maxiter": 5000, "t_end": 0.0, "tolerance": 1e-06}}