{"meta": {"sigma": 0.012461667987403667, "r": 0.028990231888788326}, "loss_conf": {"contour_term": 0.05}, "control": {"maxiter": 5000, "t_end": 0.0, "tolerance": 1e-06}}