{"trackidx": 2701, "meta": {"sigma": 0.008712618226205431, "r": 0.020268620781061526}, "loss_conf": {}, "control": {"maxiter": 10000, "t_end": 0.0, "tolerance": 1e-06}}