{"meta": {"sigma": 0.05398983390856642, "r": 0.12559938254081227}, "loss_conf": {"contour_term": 0.05}, "control": {"maxiter": 5000, "t_end": 0.0, "tolerance": 1e-06}}