{"meta": {"sigma": 0.03797281308007675, "r": 0.08833814684950492}, "loss_conf": {"contour_term": 0.05}, "control": {"maxiter": 5000, "t_end": 0.0, "tolerance": 1e-06}}