{"trackidx": 120, "meta": {"sigma": 0.01250811246107512, "r": 0.02909827810403408}, "loss_conf": {}, "control": {"maxiter": 10000, "t_end": 0.0, "tolerance": 1e-06}}