{"trackidx": 369, "meta": {"sigma": 0.010049782524177544, "r": 0.023379336225479073}, "loss_conf": {}, "control": {"maxiter": 10000, "t_end": 0.0, "tolerance": 1e-06}}