{"meta": {"sigma": 0.013753171101972644, "r": 0.0319947233271971}, "loss_conf": {"contour_term": 0.05}, "control": {"maxiter": 5000, "t_end": 0.0, "tolerance": 1e-06}}