{"trackidx": 1052, "meta": {"sigma": 0.017259115645599163, "r": 0.04015078601573139}, "loss_conf": {}, "control": {"maxiter": 10000, "t_end": 0.0, "tolerance": 1e-06}}