{"meta": {"sigma": 0.014598740746247908, "r": 0.03396181634319131}, "loss_conf": {"contour_term": 0.05}, "control": {"maxiter": 5000, "t_end": 0.0, "tolerance": 1e-06}}