{"trackidx": 2906, "meta": {"sigma": 0.010434145125115396, "r": 0.02427349910494509}, "loss_conf": {}, "control": {"maxiter": 10000, "t_end": 0.0, "tolerance": 1e-06}}