{"trackidx": 999, "meta": {"sigma": 0.009773273126082829, "r": 0.02273607790899225}, "loss_conf": {}, "control": {"maxiter": 10000, "t_end": 0.0, "tolerance": 1e-06}}