{"trackidx": 621, "meta": {"sigma": 0.044120427073684465, "r": 0.10263966374255602}, "loss_conf": {}, "control": {"maxiter": 10000, "t_end": 0.0, "tolerance": 1e-06}}