{"meta": {"sigma": 0.011552511085989828, "r": 0.02687521250118139}, "loss_conf": {"contour_term": 0.05}, "control": {"maxiter": 5000, "t_end": 0.0, "tolerance": 1e-06}}