{"trackidx": 171, "meta": {"sigma": 0.029025992022098986, "r": 0.06752468773629128}, "loss_conf": {"contour_term": 0.05, "continuity_term": 1}, "control": {"maxiter": 5000, "t_end": 0.0, "tolerance": 1e-06}}