{"trackidx": 2555, "meta": {"sigma": 0.03730603328324855, "r": 0.08678698203365942}, "loss_conf": {}, "control": {"maxiter": 10000, "t_end": 0.0, "tolerance": 1e-06}}