{"trackidx": 2350, "meta": {"sigma": 0.009420970410650023, "r": 0.021916497622808215}, "loss_conf": {}, "control": {"maxiter": 10000, "t_end": 0.0, "tolerance": 1e-06}}