{"meta": {"sigma": 0.011110256058375683, "r": 0.025846371432917}, "loss_conf": {"contour_term": 0.05}, "control": {"maxiter": 5000, "t_end": 0.0, "tolerance": 1e-06}}