{"trackidx": 2040, "meta": {"sigma": 0.009751950292021975, "r": 0.022686473481673613}, "loss_conf": {}, "control": {"maxiter": 10000, "t_end": 0.0, "tolerance": 1e-06}}