{"meta": {"sigma": 0.011657585962879073, "r": 0.027119653698762982}, "loss_conf": {"contour_term": 0.05}, "control": {"maxiter": 5000, "t_end": 0.0, "tolerance": 1e-06}}