{"trackidx": 2646, "meta": {"sigma": 0.0369204523803338, "r": 0.08588998495440119}, "loss_conf": {}, "control": {"maxiter": 10000, "t_end": 0.0, "tolerance": 1e-06}}