{"meta": {"sigma": 0.011852662019092755, "r": 0.02757346936062312}, "loss_conf": {"contour_term": 0.05}, "control": {"maxiter": 5000, "t_end": 0.0, "tolerance": 1e-06}}