{"meta": {"sigma": 0.010864713701344751, "r": 0.025275153368365638}, "loss_conf": {"contour_term": 0.05}, "control": {"maxiter": 5000, "t_end": 0.0, "tolerance": 1e-06}}