{"meta": {"sigma": 0.013312006072193724, "r": 0.030968417978070262}, "loss_conf": {"contour_term": 0.05}, "control": {"maxiter": 5000, "t_end": 0.0, "tolerance": 1e-06}}