{"trackidx": 503, "meta": {"sigma": 0.03797281308007675, "r": 0.08833814684950492}, "loss_conf": {}, "control": {"maxiter": 10000, "t_end": 0.0, "tolerance": 1e-06}}