{"meta": {"sigma": 0.010353180135363495, "r": 0.02408514600244278}, "loss_conf": {"contour_term": 0.05}, "control": {"maxiter": 5000, "t_end": 0.0, "tolerance": 1e-06}}