{"trackidx": 377, "meta": {"sigma": 0.0830397989153614, "r": 0.19317983988885257}, "loss_conf": {}, "control": {"maxiter": 10000, "t_end": 0.0, "tolerance": 1e-06}}