{"meta": {"sigma": 0.009940742126907428, "r": 0.02312566982983272}, "loss_conf": {"contour_term": 0.05}, "control": {"maxiter": 5000, "t_end": 0.0, "tolerance": 1e-06}}