{"meta": {"sigma": 0.01000578083239548, "r": 0.023276972781873417}, "loss_conf": {"contour_term": 0.05}, "control": {"maxiter": 5000, "t_end": 0.0, "tolerance": 1e-06}}