{"trackidx": 2107, "meta": {"sigma": 0.011761563947670443, "r": 0.027361543138722192}, "loss_conf": {}, "control": {"maxiter": 10000, "t_end": 0.0, "tolerance": 1e-06}}