{"trackidx": 2873, "meta": {"sigma": 0.011901583063124001, "r": 0.027687276951399973}, "loss_conf": {}, "control": {"maxiter": 10000, "t_end": 0.0, "tolerance": 1e-06}}