{"update": {"sigma": 0.4}, "params": {"l": 1.0, "sigma": 0.4, "N": 40, "dx": 0.1, "p_threshold": 0.98, "angle_sigma": 0.39269908169872414}, "meta": {"sigma": 0.4150050608835576, "r": 0.9654480413212868}, "loss_conf": {"contour_term": 0.01}, "control": {"maxiter": 5000, "tolerance": 1e-06, "p_threshold": 0.98}}