{"trackidx": 1977, "meta": {"sigma": 0.007748957105328846, "r": 0.018026805368818108}, "loss_conf": {}, "control": {"maxiter": 10000, "t_end": 0.0, "tolerance": 1e-06}}