{"trackidx": 644, "meta": {"sigma": 0.013990314356749975, "r": 0.03254640211961929}, "loss_conf": {}, "control": {"maxiter": 10000, "t_end": 0.0, "tolerance": 1e-06}}