{"meta": {"sigma": 0.010646777045109574, "r": 0.024768155893572452}, "loss_conf": {"contour_term": 0.05}, "control": {"maxiter": 5000, "t_end": 0.0, "tolerance": 1e-06}}