{"trackidx": 1022, "meta": {"sigma": 0.010799098665615368, "r": 0.025122509669054383}, "loss_conf": {}, "control": {"maxiter": 10000, "t_end": 0.0, "tolerance": 1e-06}}