{"trackidx": 2450, "meta": {"sigma": 0.007257935185044445, "r": 0.016884515320173613}, "loss_conf": {}, "control": {"maxiter": 10000, "t_end": 0.0, "tolerance": 1e-06}}