{"meta": {"sigma": 0.008210720122017227, "r": 0.019101028895315033}, "loss_conf": {"contour_term": 0.05}, "control": {"maxiter": 5000, "t_end": 0.0, "tolerance": 1e-06}}