{"trackidx": 1090, "meta": {"sigma": 0.01000578083239548, "r": 0.023276972781873417}, "loss_conf": {}, "control": {"maxiter": 10000, "t_end": 0.0, "tolerance": 1e-06}}