{"trackidx": 1017, "meta": {"sigma": 0.009728971466031668, "r": 0.022633016633468006}, "loss_conf": {}, "control": {"maxiter": 10000, "t_end": 0.0, "tolerance": 1e-06}}