{"trackidx": 2924, "meta": {"sigma": 0.012647591338805563, "r": 0.029422755133359586}, "loss_conf": {}, "control": {"maxiter": 10000, "t_end": 0.0, "tolerance": 1e-06}}