{"initial_exec_time": 224.83813729701797, "execution_time": 466.9247886479716, "solver_iter": 516}