{"meta": {"sigma": 0.01046560692887058, "r": 0.02434669034928125}, "loss_conf": {"contour_term": 0.05}, "control": {"maxiter": 5000, "t_end": 0.0, "tolerance": 1e-06}}