{"meta": {"sigma": 0.00875155060971267, "r": 0.020359191226927923}, "loss_conf": {"contour_term": 0.05}, "control": {"maxiter": 5000, "t_end": 0.0, "tolerance": 1e-06}}