{"meta": {"sigma": 0.01186767115679458, "r": 0.02760838590493055}, "loss_conf": {"contour_term": 0.05}, "control": {"maxiter": 5000, "t_end": 0.0, "tolerance": 1e-06}}