{"meta": {"sigma": 0.014362667045901275, "r": 0.03341262571134242}, "loss_conf": {"contour_term": 0.05}, "control": {"maxiter": 5000, "t_end": 0.0, "tolerance": 1e-06}}