{"trackidx": 2125, "meta": {"sigma": 0.006318053984916393, "r": 0.014698020384891545}, "loss_conf": {}, "control": {"maxiter": 10000, "t_end": 0.0, "tolerance": 1e-06}}