{"trackidx": 2533, "meta": {"sigma": 0.008901980816231798, "r": 0.02070914490684267}, "loss_conf": {}, "control": {"maxiter": 10000, "t_end": 0.0, "tolerance": 1e-06}}