{"meta": {"sigma": 0.007902715365832366, "r": 0.01838450127528259}, "loss_conf": {"contour_term": 0.05}, "control": {"maxiter": 5000, "t_end": 0.0, "tolerance": 1e-06}}