{"meta": {"sigma": 0.011887374104887027, "r": 0.0276542219065533}, "loss_conf": {"contour_term": 0.05}, "control": {"maxiter": 5000, "t_end": 0.0, "tolerance": 1e-06}}