{"trackidx": 2614, "meta": {"sigma": 0.007963402935496536, "r": 0.01852568195182684}, "loss_conf": {}, "control": {"maxiter": 10000, "t_end": 0.0, "tolerance": 1e-06}}