{"meta": {"sigma": 0.008049104773340266, "r": 0.01872505463250621}, "loss_conf": {"contour_term": 0.05}, "control": {"maxiter": 5000, "t_end": 0.0, "tolerance": 1e-06}}