{"meta": {"sigma": 0.009773273126082829, "r": 0.02273607790899225}, "loss_conf": {"contour_term": 0.05}, "control": {"maxiter": 5000, "t_end": 0.0, "tolerance": 1e-06}}