{"trackidx": 1945, "meta": {"sigma": 0.008077572923618267, "r": 0.018791281583732826}, "loss_conf": {}, "control": {"maxiter": 10000, "t_end": 0.0, "tolerance": 1e-06}}