{"trackidx": 911, "meta": {"sigma": 0.010505307917162473, "r": 0.024439048840773674}, "loss_conf": {}, "control": {"maxiter": 10000, "t_end": 0.0, "tolerance": 1e-06}}