{"meta": {"sigma": 0.0089967353728082, "r": 0.020929577401950547}, "loss_conf": {"contour_term": 0.05}, "control": {"maxiter": 5000, "t_end": 0.0, "tolerance": 1e-06}}