{"meta": {"sigma": 0.008725859609897673, "r": 0.020299424906492766}, "loss_conf": {"contour_term": 0.05}, "control": {"maxiter": 5000, "t_end": 0.0, "tolerance": 1e-06}}