{"trackidx": 2431, "meta": {"sigma": 0.011254591590098057, "r": 0.026182146751169172}, "loss_conf": {}, "control": {"maxiter": 10000, "t_end": 0.0, "tolerance": 1e-06}}