{"meta": {"sigma": 0.009165735695586357, "r": 0.021322731717373734}, "loss_conf": {"contour_term": 0.05}, "control": {"maxiter": 5000, "t_end": 0.0, "tolerance": 1e-06}}