{"meta": {"sigma": 0.008989803017251604, "r": 0.020913450299597597}, "loss_conf": {"contour_term": 0.05}, "control": {"maxiter": 5000, "t_end": 0.0, "tolerance": 1e-06}}