{"trackidx": 1266, "meta": {"sigma": 0.008033145706160656, "r": 0.01868792821742812}, "loss_conf": {}, "control": {"maxiter": 10000, "t_end": 0.0, "tolerance": 1e-06}}