{"trackidx": 2936, "meta": {"sigma": 0.010490576428712008, "r": 0.024404778206483173}, "loss_conf": {}, "control": {"maxiter": 10000, "t_end": 0.0, "tolerance": 1e-06}}