{"trackidx": 1687, "meta": {"sigma": 0.007810702237555423, "r": 0.01817044630862342}, "loss_conf": {}, "control": {"maxiter": 10000, "t_end": 0.0, "tolerance": 1e-06}}