{"meta": {"sigma": 0.009648245678460867, "r": 0.02244521999954644}, "loss_conf": {"contour_term": 0.05}, "control": {"maxiter": 5000, "t_end": 0.0, "tolerance": 1e-06}}