{"trackidx": 2376, "meta": {"sigma": 0.01014925209352055, "r": 0.02361073750210163}, "loss_conf": {}, "control": {"maxiter": 10000, "t_end": 0.0, "tolerance": 1e-06}}