{"trackidx": 1203, "meta": {"sigma": 0.012332879497473368, "r": 0.028690624469343336}, "loss_conf": {}, "control": {"maxiter": 10000, "t_end": 0.0, "tolerance": 1e-06}}