{"trackidx": 752, "meta": {"sigma": 0.014478588663077694, "r": 0.03368230024979622}, "loss_conf": {}, "control": {"maxiter": 10000, "t_end": 0.0, "tolerance": 1e-06}}