{"meta": {"sigma": 0.014524067008864282, "r": 0.0337880989110673}, "loss_conf": {"contour_term": 0.05}, "control": {"maxiter": 5000, "t_end": 0.0, "tolerance": 1e-06}}