{"trackidx": 499, "meta": {"sigma": 0.009940742126907428, "r": 0.02312566982983272}, "loss_conf": {}, "control": {"maxiter": 10000, "t_end": 0.0, "tolerance": 1e-06}}