{"update": {"angle_sigma": 0.2617993877991494}, "params": {"l": 1.0, "sigma": 0.05, "N": 40, "dx": 0.1, "p_threshold": 0.98, "angle_sigma": 0.2617993877991494}, "meta": {"sigma": 0.05180942427975514, "r": 0.12052698125266374}, "loss_conf": {}, "control": {"maxiter": 5000, "t_end": 0.0, "tolerance": 1e-06}}