{"initial_exec_time": 59.262162567989435, "execution_time": 338.7473405310302, "solver_iter": 334}