{"meta": {"sigma": 0.011627386767989484, "r": 0.02704939972765824}, "loss_conf": {"contour_term": 0.05}, "control": {"maxiter": 5000, "t_end": 0.0, "tolerance": 1e-06}}