{"trackidx": 104, "meta": {"sigma": 0.010415333091739806, "r": 0.024229687995396113}, "loss_conf": {}, "control": {"maxiter": 10000, "t_end": 0.0, "tolerance": 1e-06}}