{"initial_exec_time": 1267.114340813001, "execution_time": 3517.2299199639965, "solver_iter": 2122}