{"trackidx": 2309, "meta": {"sigma": 0.008871372888679795, "r": 0.020637940079506176}, "loss_conf": {}, "control": {"maxiter": 10000, "t_end": 0.0, "tolerance": 1e-06}}