{"trackidx": 3030, "meta": {"sigma": 0.01277082899918879, "r": 0.029709449366872535}, "loss_conf": {}, "control": {"maxiter": 10000, "t_end": 0.0, "tolerance": 1e-06}}