{"trackidx": 2463, "meta": {"sigma": 0.013621108618498592, "r": 0.03168749944484107}, "loss_conf": {}, "control": {"maxiter": 10000, "t_end": 0.0, "tolerance": 1e-06}}