{"meta": {"sigma": 0.011761563947670443, "r": 0.027361543138722192}, "loss_conf": {"contour_term": 0.05}, "control": {"maxiter": 5000, "t_end": 0.0, "tolerance": 1e-06}}