{"update": {"angle_sigma": 0.7853981633974483}, "params": {"l": 1.0, "sigma": 0.05, "N": 40, "dx": 0.1, "p_threshold": 0.98, "angle_sigma": 0.7853981633974483}, "meta": {"sigma": 0.05146418011771882, "r": 0.11972382164948708}, "loss_conf": {}, "control": {"maxiter": 5000, "t_end": 0.0, "tolerance": 1e-06}}