{"initial_exec_time": 106.35896394698648, "execution_time": 381.7029353529797, "solver_iter": 394}