{"meta": {"sigma": 0.00988711522692785, "r": 0.023000914759527823}, "loss_conf": {"contour_term": 0.05}, "control": {"maxiter": 5000, "t_end": 0.0, "tolerance": 1e-06}}