{"initial_exec_time": 73.39064574899385, "execution_time": 368.4964569929871, "solver_iter": 324}