{"trackidx": 2388, "meta": {"sigma": 0.011887374104887027, "r": 0.0276542219065533}, "loss_conf": {}, "control": {"maxiter": 10000, "t_end": 0.0, "tolerance": 1e-06}}