{"trackidx": 2658, "meta": {"sigma": 0.10911113704647774, "r": 0.2538309612986073}, "loss_conf": {}, "control": {"maxiter": 10000, "t_end": 0.0, "tolerance": 1e-06}}