{"update": {"angle_sigma": 0.5235987755982988}, "params": {"l": 1.0, "sigma": 0.05, "N": 40, "dx": 0.1, "p_threshold": 0.98, "angle_sigma": 0.5235987755982988}, "meta": {"sigma": 0.05142867296294205, "r": 0.11964121949287922}, "loss_conf": {}, "control": {"maxiter": 5000, "t_end": 0.0, "tolerance": 1e-06}}