{"initial_exec_time": 87.54935377999209, "execution_time": 398.0099511499866, "solver_iter": 379}