{"trackidx": 1291, "meta": {"sigma": 0.008912915993151551, "r": 0.020734583982492016}, "loss_conf": {}, "control": {"maxiter": 10000, "t_end": 0.0, "tolerance": 1e-06}}