{"trackidx": 2498, "meta": {"sigma": 0.01346951379751802, "r": 0.03133483646121735}, "loss_conf": {}, "control": {"maxiter": 10000, "t_end": 0.0, "tolerance": 1e-06}}