{"trackidx": 1269, "meta": {"sigma": 0.01204614713338907, "r": 0.028023583930851498}, "loss_conf": {}, "control": {"maxiter": 10000, "t_end": 0.0, "tolerance": 1e-06}}