{"meta": {"sigma": 0.010505307917162473, "r": 0.024439048840773674}, "loss_conf": {"contour_term": 0.05}, "control": {"maxiter": 5000, "t_end": 0.0, "tolerance": 1e-06}}