{"meta": {"sigma": 0.011447830970548755, "r": 0.02663168965786304}, "loss_conf": {"contour_term": 0.05}, "control": {"maxiter": 5000, "t_end": 0.0, "tolerance": 1e-06}}