{"initial_exec_time": 36.99624688999029, "execution_time": 129.96439064800506, "solver_iter": 220}