{"trackidx": 1998, "meta": {"sigma": 0.05149611470335935, "r": 0.1197981127511218}, "loss_conf": {}, "control": {"maxiter": 10000, "t_end": 0.0, "tolerance": 1e-06}}