{"trackidx": 2430, "meta": {"sigma": 0.009245629816863523, "r": 0.02150859360237317}, "loss_conf": {}, "control": {"maxiter": 10000, "t_end": 0.0, "tolerance": 1e-06}}