{"meta": {"sigma": 0.010863829096512895, "r": 0.025273095465745268}, "loss_conf": {"contour_term": 0.05}, "control": {"maxiter": 5000, "t_end": 0.0, "tolerance": 1e-06}}