{"meta": {"sigma": 0.013320852272068662, "r": 0.030988997356847504}, "loss_conf": {"contour_term": 0.05}, "control": {"maxiter": 5000, "t_end": 0.0, "tolerance": 1e-06}}