{"trackidx": 1477, "meta": {"sigma": 0.009885273120003632, "r": 0.022996629369566316}, "loss_conf": {}, "control": {"maxiter": 10000, "t_end": 0.0, "tolerance": 1e-06}}