{"meta": {"sigma": 0.10911113704647774, "r": 0.2538309612986073}, "loss_conf": {"contour_term": 0.05}, "control": {"maxiter": 5000, "t_end": 0.0, "tolerance": 1e-06}}