{
 "0": {
  "track_id": 2658,
  "c_id": 2142,
  "mean_velocity": 0.5469485477939813
 },
 "1": {
  "track_id": 1052,
  "c_id": 846,
  "mean_velocity": 0.23928872039325214
 },
 "2": {
  "track_id": 2646,
  "c_id": 2132,
  "mean_velocity": 0.18879049136199832
 },
 "3": {
  "track_id": 621,
  "c_id": 476,
  "mean_velocity": 0.18121086672870856
 },
 "4": {
  "track_id": 2924,
  "c_id": 2352,
  "mean_velocity": 0.1737835618512906
 },
 "5": {
  "track_id": 618,
  "c_id": 474,
  "mean_velocity": 0.15268762607425956
 },
 "6": {
  "track_id": 2742,
  "c_id": 2204,
  "mean_velocity": 0.15070606540479092
 },
 "7": {
  "track_id": 2722,
  "c_id": 2189,
  "mean_velocity": 0.13002146923702082
 },
 "8": {
  "track_id": 331,
  "c_id": 243,
  "mean_velocity": 0.12953621341629115
 },
 "9": {
  "track_id": 2743,
  "c_id": 2205,
  "mean_velocity": 0.1077837501138545
 },
 "10": {
  "track_id": 2285,
  "c_id": 1854,
  "mean_velocity": 0.10627318216912046
 },
 "11": {
  "track_id": 3008,
  "c_id": 2417,
  "mean_velocity": 0.10577291468725555
 },
 "12": {
  "track_id": 3066,
  "c_id": 2467,
  "mean_velocity": 0.10556315619434056
 },
 "13": {
  "track_id": 2388,
  "c_id": 1934,
  "mean_velocity": 0.10241525307136219
 },
 "14": {
  "track_id": 1033,
  "c_id": 835,
  "mean_velocity": 0.10131161372467683
 },
 "15": {
  "track_id": 2928,
  "c_id": 2355,
  "mean_velocity": 0.09931629889018888
 },
 "16": {
  "track_id": 2173,
  "c_id": 1761,
  "mean_velocity": 0.0981505115064405
 },
 "17": {
  "track_id": 1106,
  "c_id": 886,
  "mean_velocity": 0.09812118259229208
 },
 "18": {
  "track_id": 3067,
  "c_id": 2468,
  "mean_velocity": 0.09778233762195855
 },
 "19": {
  "track_id": 2414,
  "c_id": 1951,
  "mean_velocity": 0.09414627957904932
 },
 "20": {
  "track_id": 1915,
  "c_id": 1575,
  "mean_velocity": 0.09244416084377668
 },
 "21": {
  "track_id": 697,
  "c_id": 538,
  "mean_velocity": 0.09236939158796809
 },
 "22": {
  "track_id": 2040,
  "c_id": 1671,
  "mean_velocity": 0.09191078557603495
 },
 "23": {
  "track_id": 2638,
  "c_id": 2125,
  "mean_velocity": 0.08931008472065459
 },
 "24": {
  "track_id": 377,
  "c_id": 278,
  "mean_velocity": 0.08915321159639958
 },
 "25": {
  "track_id": 2387,
  "c_id": 1933,
  "mean_velocity": 0.08906718380195562
 },
 "26": {
  "track_id": 3006,
  "c_id": 2415,
  "mean_velocity": 0.0890595513904103
 },
 "27": {
  "track_id": 2408,
  "c_id": 1947,
  "mean_velocity": 0.08734093648678447
 },
 "28": {
  "track_id": 2396,
  "c_id": 1939,
  "mean_velocity": 0.08658660302902148
 },
 "29": {
  "track_id": 326,
  "c_id": 241,
  "mean_velocity": 0.08642686326552493
 },
 "30": {
  "track_id": 1998,
  "c_id": 1645,
  "mean_velocity": 0.08594352035955347
 },
 "31": {
  "track_id": 2498,
  "c_id": 2018,
  "mean_velocity": 0.0855371671200684
 },
 "32": {
  "track_id": 2937,
  "c_id": 2358,
  "mean_velocity": 0.08543735778848853
 },
 "33": {
  "track_id": 436,
  "c_id": 329,
  "mean_velocity": 0.08517548489159565
 },
 "34": {
  "track_id": 1526,
  "c_id": 1237,
  "mean_velocity": 0.0837760092733518
 },
 "35": {
  "track_id": 478,
  "c_id": 363,
  "mean_velocity": 0.08117172538683012
 },
 "36": {
  "track_id": 3029,
  "c_id": 2435,
  "mean_velocity": 0.08035127702975488
 },
 "37": {
  "track_id": 3027,
  "c_id": 2433,
  "mean_velocity": 0.08015861870235687
 },
 "38": {
  "track_id": 2413,
  "c_id": 1950,
  "mean_velocity": 0.0793808715912442
 },
 "39": {
  "track_id": 1492,
  "c_id": 1213,
  "mean_velocity": 0.07840110104678
 },
 "40": {
  "track_id": 2481,
  "c_id": 2003,
  "mean_velocity": 0.07817399127736355
 },
 "41": {
  "track_id": 387,
  "c_id": 287,
  "mean_velocity": 0.07593626800931785
 },
 "42": {
  "track_id": 2389,
  "c_id": 1935,
  "mean_velocity": 0.07522419414412661
 },
 "43": {
  "track_id": 2710,
  "c_id": 2180,
  "mean_velocity": 0.0744546619487635
 },
 "44": {
  "track_id": 503,
  "c_id": 381,
  "mean_velocity": 0.07349651445009849
 },
 "45": {
  "track_id": 2927,
  "c_id": 2354,
  "mean_velocity": 0.07349277283091667
 },
 "46": {
  "track_id": 1090,
  "c_id": 876,
  "mean_velocity": 0.07242977433386545
 },
 "47": {
  "track_id": 2699,
  "c_id": 2173,
  "mean_velocity": 0.0724006102621298
 },
 "48": {
  "track_id": 2977,
  "c_id": 2390,
  "mean_velocity": 0.07187963779832687
 },
 "49": {
  "track_id": 2903,
  "c_id": 2337,
  "mean_velocity": 0.07002322977451457
 },
 "50": {
  "track_id": 2127,
  "c_id": 1726,
  "mean_velocity": 0.06991967467127207
 },
 "51": {
  "track_id": 2900,
  "c_id": 2335,
  "mean_velocity": 0.0683258982877583
 },
 "52": {
  "track_id": 1780,
  "c_id": 1452,
  "mean_velocity": 0.06789451481251324
 },
 "53": {
  "track_id": 2754,
  "c_id": 2215,
  "mean_velocity": 0.06774579590286493
 },
 "54": {
  "track_id": 1215,
  "c_id": 983,
  "mean_velocity": 0.06731828601745343
 },
 "55": {
  "track_id": 983,
  "c_id": 787,
  "mean_velocity": 0.06712160294150349
 },
 "56": {
  "track_id": 1183,
  "c_id": 952,
  "mean_velocity": 0.06698529278348053
 },
 "57": {
  "track_id": 542,
  "c_id": 409,
  "mean_velocity": 0.06673476334741472
 },
 "58": {
  "track_id": 2521,
  "c_id": 2039,
  "mean_velocity": 0.06611041961242729
 },
 "59": {
  "track_id": 775,
  "c_id": 605,
  "mean_velocity": 0.0659508866109828
 },
 "60": {
  "track_id": 358,
  "c_id": 265,
  "mean_velocity": 0.06519754397714192
 },
 "61": {
  "track_id": 2491,
  "c_id": 2012,
  "mean_velocity": 0.0649441096903969
 },
 "62": {
  "track_id": 2431,
  "c_id": 1966,
  "mean_velocity": 0.06480202703718924
 },
 "63": {
  "track_id": 662,
  "c_id": 508,
  "mean_velocity": 0.06467028691355298
 },
 "64": {
  "track_id": 2148,
  "c_id": 1741,
  "mean_velocity": 0.0645297490129339
 },
 "65": {
  "track_id": 1977,
  "c_id": 1631,
  "mean_velocity": 0.06448115598876367
 },
 "66": {
  "track_id": 120,
  "c_id": 90,
  "mean_velocity": 0.06438770017552087
 },
 "67": {
  "track_id": 2960,
  "c_id": 2376,
  "mean_velocity": 0.06380582693852936
 },
 "68": {
  "track_id": 2383,
  "c_id": 1929,
  "mean_velocity": 0.06342996136558728
 },
 "69": {
  "track_id": 1583,
  "c_id": 1282,
  "mean_velocity": 0.06246691881979458
 },
 "70": {
  "track_id": 2906,
  "c_id": 2340,
  "mean_velocity": 0.06237290507530144
 },
 "71": {
  "track_id": 568,
  "c_id": 430,
  "mean_velocity": 0.061675312826547826
 },
 "72": {
  "track_id": 2131,
  "c_id": 1727,
  "mean_velocity": 0.06149545408804065
 },
 "73": {
  "track_id": 290,
  "c_id": 212,
  "mean_velocity": 0.061293031278509484
 },
 "74": {
  "track_id": 214,
  "c_id": 155,
  "mean_velocity": 0.06102779159719734
 },
 "75": {
  "track_id": 2364,
  "c_id": 1919,
  "mean_velocity": 0.06070831987368635
 },
 "76": {
  "track_id": 3030,
  "c_id": 2436,
  "mean_velocity": 0.06061808246780974
 },
 "77": {
  "track_id": 2376,
  "c_id": 1927,
  "mean_velocity": 0.06058506307262514
 },
 "78": {
  "track_id": 678,
  "c_id": 522,
  "mean_velocity": 0.060258909676046725
 },
 "79": {
  "track_id": 2107,
  "c_id": 1709,
  "mean_velocity": 0.0593751252873919
 },
 "80": {
  "track_id": 2873,
  "c_id": 2315,
  "mean_velocity": 0.05936382200181851
 },
 "81": {
  "track_id": 517,
  "c_id": 391,
  "mean_velocity": 0.05915408910777123
 },
 "82": {
  "track_id": 323,
  "c_id": 239,
  "mean_velocity": 0.059055710209953725
 },
 "83": {
  "track_id": 398,
  "c_id": 297,
  "mean_velocity": 0.05900463357744559
 },
 "84": {
  "track_id": 1085,
  "c_id": 871,
  "mean_velocity": 0.058607116316535264
 },
 "85": {
  "track_id": 752,
  "c_id": 586,
  "mean_velocity": 0.05860088894588365
 },
 "86": {
  "track_id": 3042,
  "c_id": 2446,
  "mean_velocity": 0.05857096488787583
 },
 "87": {
  "track_id": 2125,
  "c_id": 1724,
  "mean_velocity": 0.058086725626382535
 },
 "88": {
  "track_id": 2368,
  "c_id": 1922,
  "mean_velocity": 0.05806054310161097
 },
 "89": {
  "track_id": 3007,
  "c_id": 2416,
  "mean_velocity": 0.05779360095316801
 },
 "90": {
  "track_id": 2756,
  "c_id": 2217,
  "mean_velocity": 0.05762373721254966
 },
 "91": {
  "track_id": 2420,
  "c_id": 1957,