{"meta": {"sigma": 0.00956003461398144, "r": 0.022240009973328412}, "loss_conf": {"contour_term": 0.05}, "control": {"maxiter": 5000, "t_end": 0.0, "tolerance": 1e-06}}