{"trackidx": 1900, "meta": {"sigma": 0.009985126916286682, "r": 0.023228924493473274}, "loss_conf": {}, "control": {"maxiter": 10000, "t_end": 0.0, "tolerance": 1e-06}}