{"meta": {"sigma": 0.012647591338805563, "r": 0.029422755133359586}, "loss_conf": {"contour_term": 0.05}, "control": {"maxiter": 5000, "t_end": 0.0, "tolerance": 1e-06}}