{"meta": {"sigma": 0.013487483293860845, "r": 0.03137663984311051}, "loss_conf": {"contour_term": 0.05}, "control": {"maxiter": 5000, "t_end": 0.0, "tolerance": 1e-06}}