{"trackidx": 2977, "meta": {"sigma": 0.014261847709876218, "r": 0.03317808440168832}, "loss_conf": {}, "control": {"maxiter": 10000, "t_end": 0.0, "tolerance": 1e-06}}