{"meta": {"sigma": 0.01164233860834146, "r": 0.027084182978135307}, "loss_conf": {"contour_term": 0.05}, "control": {"maxiter": 5000, "t_end": 0.0, "tolerance": 1e-06}}