{"meta": {"sigma": 0.012868740472839538, "r": 0.029937225963759688}, "loss_conf": {"contour_term": 0.05}, "control": {"maxiter": 5000, "t_end": 0.0, "tolerance": 1e-06}}