{"trackidx": 2710, "meta": {"sigma": 0.05344019615275004, "r": 0.12432073139940358}, "loss_conf": {}, "control": {"maxiter": 10000, "t_end": 0.0, "tolerance": 1e-06}}