{"trackidx": 2465, "meta": {"sigma": 0.01559903608205123, "r": 0.03628885585118684}, "loss_conf": {}, "control": {"maxiter": 10000, "t_end": 0.0, "tolerance": 1e-06}}