{"meta": {"sigma": 0.013044160839818263, "r": 0.030345315564756104}, "loss_conf": {"contour_term": 0.05}, "control": {"maxiter": 5000, "t_end": 0.0, "tolerance": 1e-06}}