{"meta": {"sigma": 0.009347909426025446, "r": 0.021746532022021002}, "loss_conf": {"contour_term": 0.05}, "control": {"maxiter": 5000, "t_end": 0.0, "tolerance": 1e-06}}