{"trackidx": 1033, "meta": {"sigma": 0.017432722661344567, "r": 0.04055465712263833}, "loss_conf": {}, "control": {"maxiter": 10000, "t_end": 0.0, "tolerance": 1e-06}}