{"trackidx": 1968, "meta": {"sigma": 0.010500524919488732, "r": 0.02442792190240351}, "loss_conf": {}, "control": {"maxiter": 10000, "t_end": 0.0, "tolerance": 1e-06}}