{"meta": {"sigma": 0.011687516722026609, "r": 0.027189283193720767}, "loss_conf": {"contour_term": 0.05}, "control": {"maxiter": 5000, "t_end": 0.0, "tolerance": 1e-06}}