{"trackidx": 1596, "meta": {"sigma": 0.008725859609897673, "r": 0.020299424906492766}, "loss_conf": {}, "control": {"maxiter": 10000, "t_end": 0.0, "tolerance": 1e-06}}