{"initial_exec_time": 1.8131477480055764, "execution_time": 29.490658464026637, "solver_iter": 130}