{"update": {"angle_sigma": 0.19634954084936207}, "params": {"l": 1.0, "sigma": 0.05, "N": 40, "dx": 0.1, "p_threshold": 0.98, "angle_sigma": 0.19634954084936207}, "meta": {"sigma": 0.0518010656619432, "r": 0.1205075361616147}, "loss_conf": {}, "control": {"maxiter": 5000, "t_end": 0.0, "tolerance": 1e-06}}