{"initial_exec_time": 49.79629123699851, "execution_time": 327.6365960800322, "solver_iter": 276}