{"meta": {"sigma": 0.019047950500638348, "r": 0.044312246368450776}, "loss_conf": {"contour_term": 0.05}, "control": {"maxiter": 5000, "t_end": 0.0, "tolerance": 1e-06}}