{"trackidx": 1527, "meta": {"sigma": 0.014598740746247908, "r": 0.03396181634319131}, "loss_conf": {}, "control": {"maxiter": 10000, "t_end": 0.0, "tolerance": 1e-06}}