{"meta": {"sigma": 0.01014925209352055, "r": 0.02361073750210163}, "loss_conf": {"contour_term": 0.05}, "control": {"maxiter": 5000, "t_end": 0.0, "tolerance": 1e-06}}