{"meta": {"sigma": 0.008549912171344801, "r": 0.019890109151247014}, "loss_conf": {"contour_term": 0.05}, "control": {"maxiter": 5000, "t_end": 0.0, "tolerance": 1e-06}}