{"meta": {"sigma": 0.016381226255271827, "r": 0.038108505879234256}, "loss_conf": {"contour_term": 0.05}, "control": {"maxiter": 5000, "t_end": 0.0, "tolerance": 1e-06}}