{"trackidx": 1976, "meta": {"sigma": 0.008549912171344801, "r": 0.019890109151247014}, "loss_conf": {}, "control": {"maxiter": 10000, "t_end": 0.0, "tolerance": 1e-06}}