{"trackidx": 1705, "meta": {"sigma": 0.014232455883522777, "r": 0.033109708654357986}, "loss_conf": {}, "control": {"maxiter": 10000, "t_end": 0.0, "tolerance": 1e-06}}