{"trackidx": 1089, "meta": {"sigma": 0.00875155060971267, "r": 0.020359191226927923}, "loss_conf": {}, "control": {"maxiter": 10000, "t_end": 0.0, "tolerance": 1e-06}}