{"trackidx": 2900, "meta": {"sigma": 0.009701146378644615, "r": 0.02256828567317506}, "loss_conf": {}, "control": {"maxiter": 10000, "t_end": 0.0, "tolerance": 1e-06}}