{"meta": {"sigma": 0.011028812763456278, "r": 0.025656905624015087}, "loss_conf": {"contour_term": 0.05}, "control": {"maxiter": 5000, "t_end": 0.0, "tolerance": 1e-06}}