{"trackidx": 1262, "meta": {"sigma": 0.010585891724789962, "r": 0.024626515179305867}, "loss_conf": {}, "control": {"maxiter": 10000, "t_end": 0.0, "tolerance": 1e-06}}