{"trackidx": 583, "meta": {"sigma": 0.00959549262599691, "r": 0.0223224978065529}, "loss_conf": {}, "control": {"maxiter": 10000, "t_end": 0.0, "tolerance": 1e-06}}