{"trackidx": 40, "meta": {"sigma": 0.012810942979534591, "r": 0.029802768623442576}, "loss_conf": {}, "control": {"maxiter": 10000, "t_end": 0.0, "tolerance": 1e-06}}