{"trackidx": 1264, "meta": {"sigma": 0.01224372030440024, "r": 0.02848320876184578}, "loss_conf": {}, "control": {"maxiter": 10000, "t_end": 0.0, "tolerance": 1e-06}}