{"meta": {"sigma": 0.01202534889182474, "r": 0.02797519989057387}, "loss_conf": {"contour_term": 0.05}, "control": {"maxiter": 5000, "t_end": 0.0, "tolerance": 1e-06}}