{"trackidx": 1680, "meta": {"sigma": 0.00886718247501124, "r": 0.02062819170038998}, "loss_conf": {}, "control": {"maxiter": 10000, "t_end": 0.0, "tolerance": 1e-06}}