{"meta": {"sigma": 0.009606802282555456, "r": 0.02234880805382848}, "loss_conf": {"contour_term": 0.05}, "control": {"maxiter": 5000, "t_end": 0.0, "tolerance": 1e-06}}