{"trackidx": 1074, "meta": {"sigma": 0.012813158241127309, "r": 0.02980792210268243}, "loss_conf": {}, "control": {"maxiter": 10000, "t_end": 0.0, "tolerance": 1e-06}}