{"meta": {"sigma": 0.01224372030440024, "r": 0.02848320876184578}, "loss_conf": {"contour_term": 0.05}, "control": {"maxiter": 5000, "t_end": 0.0, "tolerance": 1e-06}}