{"trackidx": 2970, "meta": {"sigma": 0.009347909426025446, "r": 0.021746532022021002}, "loss_conf": {}, "control": {"maxiter": 10000, "t_end": 0.0, "tolerance": 1e-06}}