{"trackidx": 662, "meta": {"sigma": 0.013015373655258709, "r": 0.030278346427346052}, "loss_conf": {}, "control": {"maxiter": 10000, "t_end": 0.0, "tolerance": 1e-06}}