{"meta": {"sigma": 0.008901352448974527, "r": 0.020707683103132455}, "loss_conf": {"contour_term": 0.05}, "control": {"maxiter": 5000, "t_end": 0.0, "tolerance": 1e-06}}