{"meta": {"sigma": 0.014074585908717992, "r": 0.032742447451243446}, "loss_conf": {"contour_term": 0.05}, "control": {"maxiter": 5000, "t_end": 0.0, "tolerance": 1e-06}}