{"trackidx": 467, "meta": {"sigma": 0.11224061951644808, "r": 0.2611112405186958}, "loss_conf": {}, "control": {"maxiter": 10000, "t_end": 0.0, "tolerance": 1e-06}}