{"meta": {"sigma": 0.008391132119760305, "r": 0.01952073078878372}, "loss_conf": {"contour_term": 0.05}, "control": {"maxiter": 5000, "t_end": 0.0, "tolerance": 1e-06}}