{"meta": {"sigma": 0.010498550849419284, "r": 0.024423329519655416}, "loss_conf": {"contour_term": 0.05}, "control": {"maxiter": 5000, "t_end": 0.0, "tolerance": 1e-06}}