{"meta": {"sigma": 0.01559903608205123, "r": 0.03628885585118684}, "loss_conf": {"contour_term": 0.05}, "control": {"maxiter": 5000, "t_end": 0.0, "tolerance": 1e-06}}