{"meta": {"sigma": 0.013760248807432346, "r": 0.032011188564653646}, "loss_conf": {"contour_term": 0.05}, "control": {"maxiter": 5000, "t_end": 0.0, "tolerance": 1e-06}}