{"meta": {"sigma": 0.012810942979534591, "r": 0.029802768623442576}, "loss_conf": {"contour_term": 0.05}, "control": {"maxiter": 5000, "t_end": 0.0, "tolerance": 1e-06}}