{"trackidx": 775, "meta": {"sigma": 0.011206321725810616, "r": 0.026069854033986536}, "loss_conf": {}, "control": {"maxiter": 10000, "t_end": 0.0, "tolerance": 1e-06}}