{"meta": {"sigma": 0.006845365100399906, "r": 0.015924731891798546}, "loss_conf": {"contour_term": 0.05}, "control": {"maxiter": 5000, "t_end": 0.0, "tolerance": 1e-06}}