{"trackidx": 1106, "meta": {"sigma": 0.013883317416506726, "r": 0.03229748952523961}, "loss_conf": {}, "control": {"maxiter": 10000, "t_end": 0.0, "tolerance": 1e-06}}