{"trackidx": 1158, "meta": {"sigma": 0.015986245608195275, "r": 0.037189641682089276}, "loss_conf": {}, "control": {"maxiter": 10000, "t_end": 0.0, "tolerance": 1e-06}}