{"meta": {"sigma": 0.009955397902454196, "r": 0.023159764329223998}, "loss_conf": {"contour_term": 0.05}, "control": {"maxiter": 5000, "t_end": 0.0, "tolerance": 1e-06}}