{"trackidx": 325, "meta": {"sigma": 0.01023242557878013, "r": 0.023804228343545265}, "loss_conf": {}, "control": {"maxiter": 10000, "t_end": 0.0, "tolerance": 1e-06}}