{"meta": {"sigma": 0.010799098665615368, "r": 0.025122509669054383}, "loss_conf": {"contour_term": 0.05}, "control": {"maxiter": 5000, "t_end": 0.0, "tolerance": 1e-06}}