{"meta": {"sigma": 0.008033145706160656, "r": 0.01868792821742812}, "loss_conf": {"contour_term": 0.05}, "control": {"maxiter": 5000, "t_end": 0.0, "tolerance": 1e-06}}