{"meta": {"sigma": 0.01204614713338907, "r": 0.028023583930851498}, "loss_conf": {"contour_term": 0.05}, "control": {"maxiter": 5000, "t_end": 0.0, "tolerance": 1e-06}}