{"trackidx": 1065, "meta": {"sigma": 0.009339736147503028, "r": 0.021727518095482765}, "loss_conf": {}, "control": {"maxiter": 10000, "t_end": 0.0, "tolerance": 1e-06}}