{"trackidx": 1265, "meta": {"sigma": 0.007035912548134877, "r": 0.016368012414216346}, "loss_conf": {}, "control": {"maxiter": 10000, "t_end": 0.0, "tolerance": 1e-06}}