{"meta": {"sigma": 0.011584877807524607, "r": 0.02695050890321373}, "loss_conf": {"contour_term": 0.05}, "control": {"maxiter": 5000, "t_end": 0.0, "tolerance": 1e-06}}