{"trackidx": 618, "meta": {"sigma": 0.05398983390856642, "r": 0.12559938254081227}, "loss_conf": {}, "control": {"maxiter": 10000, "t_end": 0.0, "tolerance": 1e-06}}