{"trackidx": 3050, "meta": {"sigma": 0.014362667045901275, "r": 0.03341262571134242}, "loss_conf": {}, "control": {"maxiter": 10000, "t_end": 0.0, "tolerance": 1e-06}}