{"trackidx": 2421, "meta": {"sigma": 0.008572130476873859, "r": 0.019941796760812154}, "loss_conf": {}, "control": {"maxiter": 10000, "t_end": 0.0, "tolerance": 1e-06}}