{"meta": {"sigma": 0.010154824532780247, "r": 0.023623700959841662}, "loss_conf": {"contour_term": 0.05}, "control": {"maxiter": 5000, "t_end": 0.0, "tolerance": 1e-06}}