{"meta": {"sigma": 0.05344019615275004, "r": 0.12432073139940358}, "loss_conf": {"contour_term": 0.05}, "control": {"maxiter": 5000, "t_end": 0.0, "tolerance": 1e-06}}