{"meta": {"sigma": 0.010825011062909392, "r": 0.025182791038057914}, "loss_conf": {"contour_term": 0.05}, "control": {"maxiter": 5000, "t_end": 0.0, "tolerance": 1e-06}}