{"trackidx": 697, "meta": {"sigma": 0.010631970467551396, "r": 0.024733710575552025}, "loss_conf": {}, "control": {"maxiter": 10000, "t_end": 0.0, "tolerance": 1e-06}}