{"trackidx": 2094, "meta": {"sigma": 0.01186767115679458, "r": 0.02760838590493055}, "loss_conf": {}, "control": {"maxiter": 10000, "t_end": 0.0, "tolerance": 1e-06}}