{"trackidx": 2365, "meta": {"sigma": 0.017497584144731855, "r": 0.04070554779361024}, "loss_conf": {}, "control": {"maxiter": 10000, "t_end": 0.0, "tolerance": 1e-06}}