{"meta": {"sigma": 0.011506211400084223, "r": 0.02676750311330986}, "loss_conf": {"contour_term": 0.05}, "control": {"maxiter": 5000, "t_end": 0.0, "tolerance": 1e-06}}