{"meta": {"sigma": 0.012574179020373069, "r": 0.02925197220630658}, "loss_conf": {"contour_term": 0.05}, "control": {"maxiter": 5000, "t_end": 0.0, "tolerance": 1e-06}}