{"meta": {"sigma": 0.013476435596085079, "r": 0.03135093900429177}, "loss_conf": {"contour_term": 0.05}, "control": {"maxiter": 5000, "t_end": 0.0, "tolerance": 1e-06}}