{"meta": {"sigma": 0.007035912548134877, "r": 0.016368012414216346}, "loss_conf": {"contour_term": 0.05}, "control": {"maxiter": 5000, "t_end": 0.0, "tolerance": 1e-06}}