{"meta": {"sigma": 0.009368133014509013, "r": 0.021793579216694673}, "loss_conf": {"contour_term": 0.05}, "control": {"maxiter": 5000, "t_end": 0.0, "tolerance": 1e-06}}