{"trackidx": 568, "meta": {"sigma": 0.011032677754958455, "r": 0.025665896956476322}, "loss_conf": {}, "control": {"maxiter": 10000, "t_end": 0.0, "tolerance": 1e-06}}