{"trackidx": 2461, "meta": {"sigma": 0.010863829096512895, "r": 0.025273095465745268}, "loss_conf": {}, "control": {"maxiter": 10000, "t_end": 0.0, "tolerance": 1e-06}}