{"trackidx": 660, "meta": {"sigma": 0.01350316067977218, "r": 0.031413110968279215}, "loss_conf": {}, "control": {"maxiter": 10000, "t_end": 0.0, "tolerance": 1e-06}}