{"trackidx": 2408, "meta": {"sigma": 0.014373590137603373, "r": 0.03343803667251602}, "loss_conf": {}, "control": {"maxiter": 10000, "t_end": 0.0, "tolerance": 1e-06}}