{"meta": {"sigma": 0.00848178366323702, "r": 0.019731618229303156}, "loss_conf": {"contour_term": 0.05}, "control": {"maxiter": 5000, "t_end": 0.0, "tolerance": 1e-06}}