{"meta": {"sigma": 0.011646474013404403, "r": 0.027093803387846914}, "loss_conf": {"contour_term": 0.05}, "control": {"maxiter": 5000, "t_end": 0.0, "tolerance": 1e-06}}