{"meta": {"sigma": 0.010631970467551396, "r": 0.024733710575552025}, "loss_conf": {"contour_term": 0.05}, "control": {"maxiter": 5000, "t_end": 0.0, "tolerance": 1e-06}}