{"trackidx": 1259, "meta": {"sigma": 0.011552511085989828, "r": 0.02687521250118139}, "loss_conf": {}, "control": {"maxiter": 10000, "t_end": 0.0, "tolerance": 1e-06}}