{"trackidx": 323, "meta": {"sigma": 0.010269342282316164, "r": 0.023890109607366535}, "loss_conf": {}, "control": {"maxiter": 10000, "t_end": 0.0, "tolerance": 1e-06}}