{"meta": {"sigma": 0.009331880342929205, "r": 0.02170924272524354}, "loss_conf": {"contour_term": 0.05}, "control": {"maxiter": 5000, "t_end": 0.0, "tolerance": 1e-06}}