{"trackidx": 2699, "meta": {"sigma": 0.01002670141341748, "r": 0.02332564142684847}, "loss_conf": {}, "control": {"maxiter": 10000, "t_end": 0.0, "tolerance": 1e-06}}