{"meta": {"sigma": 0.00980184603335224, "r": 0.022802548561902787}, "loss_conf": {"contour_term": 0.05}, "control": {"maxiter": 5000, "t_end": 0.0, "tolerance": 1e-06}}