{"trackidx": 2942, "meta": {"sigma": 0.010646777045109574, "r": 0.024768155893572452}, "loss_conf": {}, "control": {"maxiter": 10000, "t_end": 0.0, "tolerance": 1e-06}}