{"meta": {"sigma": 0.009728971466031668, "r": 0.022633016633468006}, "loss_conf": {"contour_term": 0.05}, "control": {"maxiter": 5000, "t_end": 0.0, "tolerance": 1e-06}}