{"trackidx": 1595, "meta": {"sigma": 0.009916762121369004, "r": 0.02306988388512965}, "loss_conf": {}, "control": {"maxiter": 10000, "t_end": 0.0, "tolerance": 1e-06}}