{"meta": {"sigma": 0.00839794941917928, "r": 0.019536590230008703}, "loss_conf": {"contour_term": 0.05}, "control": {"maxiter": 5000, "t_end": 0.0, "tolerance": 1e-06}}