{"initial_exec_time": 19.514633108046837, "execution_time": 112.97476864105556, "solver_iter": 231}