{"meta": {"sigma": 0.008110355426828513, "r": 0.018867545240485728}, "loss_conf": {"contour_term": 0.05}, "control": {"maxiter": 5000, "t_end": 0.0, "tolerance": 1e-06}}