{"meta": {"sigma": 0.010386497793449485, "r": 0.024162654618053527}, "loss_conf": {"contour_term": 0.05}, "control": {"maxiter": 5000, "t_end": 0.0, "tolerance": 1e-06}}