{"trackidx": 2473, "meta": {"sigma": 0.013320852272068662, "r": 0.030988997356847504}, "loss_conf": {}, "control": {"maxiter": 10000, "t_end": 0.0, "tolerance": 1e-06}}