{"meta": {"sigma": 0.010619217095055913, "r": 0.024704041736165368}, "loss_conf": {"contour_term": 0.05}, "control": {"maxiter": 5000, "t_end": 0.0, "tolerance": 1e-06}}