{"meta": {"sigma": 0.07339489776634031, "r": 0.17074240044357195}, "loss_conf": {"contour_term": 0.05}, "control": {"maxiter": 5000, "t_end": 0.0, "tolerance": 1e-06}}