{"meta": {"sigma": 0.012167788437440957, "r": 0.028306564476897444}, "loss_conf": {"contour_term": 0.05}, "control": {"maxiter": 5000, "t_end": 0.0, "tolerance": 1e-06}}