{"trackidx": 2414, "meta": {"sigma": 0.009823209674259209, "r": 0.022852247920327987}, "loss_conf": {}, "control": {"maxiter": 10000, "t_end": 0.0, "tolerance": 1e-06}}