{"trackidx": 2567, "meta": {"sigma": 0.007762991005196283, "r": 0.018059453166197423}, "loss_conf": {}, "control": {"maxiter": 10000, "t_end": 0.0, "tolerance": 1e-06}}