{"meta": {"sigma": 0.007762991005196283, "r": 0.018059453166197423}, "loss_conf": {"contour_term": 0.05}, "control": {"maxiter": 5000, "t_end": 0.0, "tolerance": 1e-06}}