{"meta": {"sigma": 0.010515187042054114, "r": 0.024462031167197123}, "loss_conf": {"contour_term": 0.05}, "control": {"maxiter": 5000, "t_end": 0.0, "tolerance": 1e-06}}