{"meta": {"sigma": 0.013855628400891828, "r": 0.032233075115847575}, "loss_conf": {"contour_term": 0.05}, "control": {"maxiter": 5000, "t_end": 0.0, "tolerance": 1e-06}}