{"meta": {"sigma": 0.00879279495192934, "r": 0.020455140103608823}, "loss_conf": {"contour_term": 0.05}, "control": {"maxiter": 5000, "t_end": 0.0, "tolerance": 1e-06}}