{"trackidx": 1746, "meta": {"sigma": 0.010011934970855747, "r": 0.023291289476975497}, "loss_conf": {}, "control": {"maxiter": 10000, "t_end": 0.0, "tolerance": 1e-06}}