{"meta": {"sigma": 0.009339736147503028, "r": 0.021727518095482765}, "loss_conf": {"contour_term": 0.05}, "control": {"maxiter": 5000, "t_end": 0.0, "tolerance": 1e-06}}