{"trackidx": 2561, "meta": {"sigma": 0.008901352448974527, "r": 0.020707683103132455}, "loss_conf": {}, "control": {"maxiter": 10000, "t_end": 0.0, "tolerance": 1e-06}}