{"meta": {"sigma": 0.013013440376641504, "r": 0.030273848939892923}, "loss_conf": {"contour_term": 0.05}, "control": {"maxiter": 5000, "t_end": 0.0, "tolerance": 1e-06}}