{"trackidx": 2389, "meta": {"sigma": 0.011687516722026609, "r": 0.027189283193720767}, "loss_conf": {}, "control": {"maxiter": 10000, "t_end": 0.0, "tolerance": 1e-06}}