{"meta": {"sigma": 0.01250811246107512, "r": 0.02909827810403408}, "loss_conf": {"contour_term": 0.05}, "control": {"maxiter": 5000, "t_end": 0.0, "tolerance": 1e-06}}