{"trackidx": 1915, "meta": {"sigma": 0.013614681722768562, "r": 0.03167254822019546}, "loss_conf": {}, "control": {"maxiter": 10000, "t_end": 0.0, "tolerance": 1e-06}}