{"meta": {"sigma": 0.008442997605565768, "r": 0.01964138818890422}, "loss_conf": {"contour_term": 0.05}, "control": {"maxiter": 5000, "t_end": 0.0, "tolerance": 1e-06}}