{"trackidx": 3042, "meta": {"sigma": 0.010386497793449485, "r": 0.024162654618053527}, "loss_conf": {}, "control": {"maxiter": 10000, "t_end": 0.0, "tolerance": 1e-06}}