{"meta": {"sigma": 0.009985126916286682, "r": 0.023228924493473274}, "loss_conf": {"contour_term": 0.05}, "control": {"maxiter": 5000, "t_end": 0.0, "tolerance": 1e-06}}