{"trackidx": 3033, "meta": {"sigma": 0.011603724078633948, "r": 0.02699435197223555}, "loss_conf": {}, "control": {"maxiter": 10000, "t_end": 0.0, "tolerance": 1e-06}}