{"meta": {"sigma": 0.01002670141341748, "r": 0.02332564142684847}, "loss_conf": {"contour_term": 0.05}, "control": {"maxiter": 5000, "t_end": 0.0, "tolerance": 1e-06}}