{"meta": {"sigma": 0.012670813172539437, "r": 0.0294767773032255}, "loss_conf": {"contour_term": 0.05}, "control": {"maxiter": 5000, "t_end": 0.0, "tolerance": 1e-06}}