{"meta": {"sigma": 0.010029938847262816, "r": 0.023333172839015433}, "loss_conf": {"contour_term": 0.05}, "control": {"maxiter": 5000, "t_end": 0.0, "tolerance": 1e-06}}