{"meta": {"sigma": 0.014478588663077694, "r": 0.03368230024979622}, "loss_conf": {"contour_term": 0.05}, "control": {"maxiter": 5000, "t_end": 0.0, "tolerance": 1e-06}}