{"trackidx": 2429, "meta": {"sigma": 0.011028812763456278, "r": 0.025656905624015087}, "loss_conf": {}, "control": {"maxiter": 10000, "t_end": 0.0, "tolerance": 1e-06}}