{"trackidx": 2491, "meta": {"sigma": 0.013487483293860845, "r": 0.03137663984311051}, "loss_conf": {}, "control": {"maxiter": 10000, "t_end": 0.0, "tolerance": 1e-06}}