{"trackidx": 358, "meta": {"sigma": 0.00839794941917928, "r": 0.019536590230008703}, "loss_conf": {}, "control": {"maxiter": 10000, "t_end": 0.0, "tolerance": 1e-06}}