{"trackidx": 3006, "meta": {"sigma": 0.011872016913485385, "r": 0.02761849566666759}, "loss_conf": {}, "control": {"maxiter": 10000, "t_end": 0.0, "tolerance": 1e-06}}