{"meta": {"sigma": 0.008912915993151551, "r": 0.020734583982492016}, "loss_conf": {"contour_term": 0.05}, "control": {"maxiter": 5000, "t_end": 0.0, "tolerance": 1e-06}}