{"meta": {"sigma": 0.011206321725810616, "r": 0.026069854033986536}, "loss_conf": {"contour_term": 0.05}, "control": {"maxiter": 5000, "t_end": 0.0, "tolerance": 1e-06}}