{"meta": {"sigma": 0.010585891724789962, "r": 0.024626515179305867}, "loss_conf": {"contour_term": 0.05}, "control": {"maxiter": 5000, "t_end": 0.0, "tolerance": 1e-06}}