{"meta": {"sigma": 0.014373590137603373, "r": 0.03343803667251602}, "loss_conf": {"contour_term": 0.05}, "control": {"maxiter": 5000, "t_end": 0.0, "tolerance": 1e-06}}