{"trackidx": 2928, "meta": {"sigma": 0.01202534889182474, "r": 0.02797519989057387}, "loss_conf": {}, "control": {"maxiter": 10000, "t_end": 0.0, "tolerance": 1e-06}}