{"meta": {"sigma": 0.01004268669840773, "r": 0.023362828833794647}, "loss_conf": {"contour_term": 0.05}, "control": {"maxiter": 5000, "t_end": 0.0, "tolerance": 1e-06}}