{"meta": {"sigma": 0.011494637926030535, "r": 0.02674057913355735}, "loss_conf": {"contour_term": 0.05}, "control": {"maxiter": 5000, "t_end": 0.0, "tolerance": 1e-06}}