{"meta": {"sigma": 0.015986245608195275, "r": 0.037189641682089276}, "loss_conf": {"contour_term": 0.05}, "control": {"maxiter": 5000, "t_end": 0.0, "tolerance": 1e-06}}