{"meta": {"sigma": 0.007810702237555423, "r": 0.01817044630862342}, "loss_conf": {"contour_term": 0.05}, "control": {"maxiter": 5000, "t_end": 0.0, "tolerance": 1e-06}}