{"trackidx": 563, "meta": {"sigma": 0.01164233860834146, "r": 0.027084182978135307}, "loss_conf": {}, "control": {"maxiter": 10000, "t_end": 0.0, "tolerance": 1e-06}}