{"meta": {"sigma": 0.014232455883522777, "r": 0.033109708654357986}, "loss_conf": {"contour_term": 0.05}, "control": {"maxiter": 5000, "t_end": 0.0, "tolerance": 1e-06}}