{"meta": {"sigma": 0.007748957105328846, "r": 0.018026805368818108}, "loss_conf": {"contour_term": 0.05}, "control": {"maxiter": 5000, "t_end": 0.0, "tolerance": 1e-06}}