{"trackidx": 2332, "meta": {"sigma": 0.010498550849419284, "r": 0.024423329519655416}, "loss_conf": {}, "control": {"maxiter": 10000, "t_end": 0.0, "tolerance": 1e-06}}