{"trackidx": 2578, "meta": {"sigma": 0.007902715365832366, "r": 0.01838450127528259}, "loss_conf": {}, "control": {"maxiter": 10000, "t_end": 0.0, "tolerance": 1e-06}}