{"initial_exec_time": 35.06288535398198, "execution_time": 119.70716889097821, "solver_iter": 215}