{"trackidx": 2756, "meta": {"sigma": 0.013751094273700155, "r": 0.03198989189265131}, "loss_conf": {}, "control": {"maxiter": 10000, "t_end": 0.0, "tolerance": 1e-06}}