{"meta": {"sigma": 0.017259115645599163, "r": 0.04015078601573139}, "loss_conf": {"contour_term": 0.05}, "control": {"maxiter": 5000, "t_end": 0.0, "tolerance": 1e-06}}