{"trackidx": 1924, "meta": {"sigma": 0.008210720122017227, "r": 0.019101028895315033}, "loss_conf": {}, "control": {"maxiter": 10000, "t_end": 0.0, "tolerance": 1e-06}}