{"meta": {"sigma": 0.017432722661344567, "r": 0.04055465712263833}, "loss_conf": {"contour_term": 0.05}, "control": {"maxiter": 5000, "t_end": 0.0, "tolerance": 1e-06}}