{"trackidx": 1368, "meta": {"sigma": 0.008049104773340266, "r": 0.01872505463250621}, "loss_conf": {}, "control": {"maxiter": 10000, "t_end": 0.0, "tolerance": 1e-06}}