{"meta": {"sigma": 0.01023242557878013, "r": 0.023804228343545265}, "loss_conf": {"contour_term": 0.05}, "control": {"maxiter": 5000, "t_end": 0.0, "tolerance": 1e-06}}