{"meta": {"sigma": 0.007571012310585974, "r": 0.017612843059100585}, "loss_conf": {"contour_term": 0.05}, "control": {"maxiter": 5000, "t_end": 0.0, "tolerance": 1e-06}}