{"trackidx": 2449, "meta": {"sigma": 0.007043979250365423, "r": 0.016386778406736597}, "loss_conf": {}, "control": {"maxiter": 10000, "t_end": 0.0, "tolerance": 1e-06}}