{"trackidx": 2722, "meta": {"sigma": 0.0464357442230254, "r": 0.10802590747199327}, "loss_conf": {}, "control": {"maxiter": 10000, "t_end": 0.0, "tolerance": 1e-06}}