{"meta": {"sigma": 0.010269342282316164, "r": 0.023890109607366535}, "loss_conf": {"contour_term": 0.05}, "control": {"maxiter": 5000, "t_end": 0.0, "tolerance": 1e-06}}