{"trackidx": 3008, "meta": {"sigma": 0.009955397902454196, "r": 0.023159764329223998}, "loss_conf": {}, "control": {"maxiter": 10000, "t_end": 0.0, "tolerance": 1e-06}}