{"trackidx": 116, "meta": {"sigma": 0.008919239605431718, "r": 0.020749294933430706}, "loss_conf": {}, "control": {"maxiter": 10000, "t_end": 0.0, "tolerance": 1e-06}}