{"trackidx": 359, "meta": {"sigma": 0.010864713701344751, "r": 0.025275153368365638}, "loss_conf": {}, "control": {"maxiter": 10000, "t_end": 0.0, "tolerance": 1e-06}}