{"meta": {"sigma": 0.009990694676384047, "r": 0.023241877065832535}, "loss_conf": {"contour_term": 0.05}, "control": {"maxiter": 5000, "t_end": 0.0, "tolerance": 1e-06}}