{"trackidx": 1325, "meta": {"sigma": 0.010029938847262816, "r": 0.023333172839015433}, "loss_conf": {}, "control": {"maxiter": 10000, "t_end": 0.0, "tolerance": 1e-06}}