{"trackidx": 2743, "meta": {"sigma": 0.017687320219324343, "r": 0.041146940776127856}, "loss_conf": {}, "control": {"maxiter": 10000, "t_end": 0.0, "tolerance": 1e-06}}