{"trackidx": 1819, "meta": {"sigma": 0.010797656065904528, "r": 0.025119153673678625}, "loss_conf": {}, "control": {"maxiter": 10000, "t_end": 0.0, "tolerance": 1e-06}}