{"trackidx": 290, "meta": {"sigma": 0.011657585962879073, "r": 0.027119653698762982}, "loss_conf": {}, "control": {"maxiter": 10000, "t_end": 0.0, "tolerance": 1e-06}}