{"meta": {"sigma": 0.008919239605431718, "r": 0.020749294933430706}, "loss_conf": {"contour_term": 0.05}, "control": {"maxiter": 5000, "t_end": 0.0, "tolerance": 1e-06}}