{"meta": {"sigma": 0.014206003675948941, "r": 0.033048171496385954}, "loss_conf": {"contour_term": 0.05}, "control": {"maxiter": 5000, "t_end": 0.0, "tolerance": 1e-06}}