{"meta": {"sigma": 0.006318053984916393, "r": 0.014698020384891545}, "loss_conf": {"contour_term": 0.05}, "control": {"maxiter": 5000, "t_end": 0.0, "tolerance": 1e-06}}