{"trackidx": 3027, "meta": {"sigma": 0.012096933522085455, "r": 0.02814173097076546}, "loss_conf": {}, "control": {"maxiter": 10000, "t_end": 0.0, "tolerance": 1e-06}}