{"trackidx": 2285, "meta": {"sigma": 0.0138976639282542, "r": 0.03233086456803282}, "loss_conf": {}, "control": {"maxiter": 10000, "t_end": 0.0, "tolerance": 1e-06}}