{"meta": {"sigma": 0.011254591590098057, "r": 0.026182146751169172}, "loss_conf": {"contour_term": 0.05}, "control": {"maxiter": 5000, "t_end": 0.0, "tolerance": 1e-06}}