{"trackidx": 2148, "meta": {"sigma": 0.01028371817066653, "r": 0.02392355299049195}, "loss_conf": {}, "control": {"maxiter": 10000, "t_end": 0.0, "tolerance": 1e-06}}