{"trackidx": 2383, "meta": {"sigma": 0.008110355426828513, "r": 0.018867545240485728}, "loss_conf": {}, "control": {"maxiter": 10000, "t_end": 0.0, "tolerance": 1e-06}}