{"meta": {"sigma": 0.013820955059343398, "r": 0.032152412702688746}, "loss_conf": {"contour_term": 0.05}, "control": {"maxiter": 5000, "t_end": 0.0, "tolerance": 1e-06}}