{"trackidx": 2986, "meta": {"sigma": 0.010564687639696138, "r": 0.02457718700393794}, "loss_conf": {}, "control": {"maxiter": 10000, "t_end": 0.0, "tolerance": 1e-06}}