{"initial_exec_time": 6.557396733027417, "execution_time": 92.08872495702235, "solver_iter": 191}