{"meta": {"sigma": 0.008901980816231798, "r": 0.02070914490684267}, "loss_conf": {"contour_term": 0.05}, "control": {"maxiter": 5000, "t_end": 0.0, "tolerance": 1e-06}}