{"trackidx": 2387, "meta": {"sigma": 0.012868740472839538, "r": 0.029937225963759688}, "loss_conf": {}, "control": {"maxiter": 10000, "t_end": 0.0, "tolerance": 1e-06}}