{"initial_exec_time": 130.91738305595936, "execution_time": 337.89405856700614, "solver_iter": 449}