{"trackidx": 2502, "meta": {"sigma": 0.010564130304089207, "r": 0.02457589044488172}, "loss_conf": {}, "control": {"maxiter": 10000, "t_end": 0.0, "tolerance": 1e-06}}