{"trackidx": 1526, "meta": {"sigma": 0.011817380517573205, "r": 0.027491392153023767}, "loss_conf": {}, "control": {"maxiter": 10000, "t_end": 0.0, "tolerance": 1e-06}}