{"trackidx": 214, "meta": {"sigma": 0.00899987890040586, "r": 0.020936890355087875}, "loss_conf": {}, "control": {"maxiter": 10000, "t_end": 0.0, "tolerance": 1e-06}}