{"meta": {"sigma": 0.009916762121369004, "r": 0.02306988388512965}, "loss_conf": {"contour_term": 0.05}, "control": {"maxiter": 5000, "t_end": 0.0, "tolerance": 1e-06}}