{"trackidx": 678, "meta": {"sigma": 0.010764830508699585, "r": 0.025042789858159557}, "loss_conf": {}, "control": {"maxiter": 10000, "t_end": 0.0, "tolerance": 1e-06}}