{"trackidx": 2135, "meta": {"sigma": 0.019047950500638348, "r": 0.044312246368450776}, "loss_conf": {}, "control": {"maxiter": 10000, "t_end": 0.0, "tolerance": 1e-06}}