{"meta": {"sigma": 0.009245629816863523, "r": 0.02150859360237317}, "loss_conf": {"contour_term": 0.05}, "control": {"maxiter": 5000, "t_end": 0.0, "tolerance": 1e-06}}