{"trackidx": 326, "meta": {"sigma": 0.010353180135363495, "r": 0.02408514600244278}, "loss_conf": {}, "control": {"maxiter": 10000, "t_end": 0.0, "tolerance": 1e-06}}