{"trackidx": 3007, "meta": {"sigma": 0.008108406534968018, "r": 0.018863011431125776}, "loss_conf": {}, "control": {"maxiter": 10000, "t_end": 0.0, "tolerance": 1e-06}}