{"trackidx": 2173, "meta": {"sigma": 0.012660288784125492, "r": 0.029452293866424218}, "loss_conf": {}, "control": {"maxiter": 10000, "t_end": 0.0, "tolerance": 1e-06}}