{"trackidx": 2368, "meta": {"sigma": 0.009165735695586357, "r": 0.021322731717373734}, "loss_conf": {}, "control": {"maxiter": 10000, "t_end": 0.0, "tolerance": 1e-06}}