{"trackidx": 1988, "meta": {"sigma": 0.011260929359804472, "r": 0.026196890637271115}, "loss_conf": {}, "control": {"maxiter": 10000, "t_end": 0.0, "tolerance": 1e-06}}