{"trackidx": 2481, "meta": {"sigma": 0.008391132119760305, "r": 0.01952073078878372}, "loss_conf": {}, "control": {"maxiter": 10000, "t_end": 0.0, "tolerance": 1e-06}}