{"trackidx": 845, "meta": {"sigma": 0.013753171101972644, "r": 0.0319947233271971}, "loss_conf": {}, "control": {"maxiter": 10000, "t_end": 0.0, "tolerance": 1e-06}}