{"trackidx": 1093, "meta": {"sigma": 0.011523818706435006, "r": 0.026808463913626658}, "loss_conf": {}, "control": {"maxiter": 10000, "t_end": 0.0, "tolerance": 1e-06}}