{"meta": {"sigma": 0.013910054265965487, "r": 0.03235968886055881}, "loss_conf": {"contour_term": 0.05}, "control": {"maxiter": 5000, "t_end": 0.0, "tolerance": 1e-06}}