{"meta": {"sigma": 0.011603724078633948, "r": 0.02699435197223555}, "loss_conf": {"contour_term": 0.05}, "control": {"maxiter": 5000, "t_end": 0.0, "tolerance": 1e-06}}