{"meta": {"sigma": 0.012284666024052553, "r": 0.028578462937191604}, "loss_conf": {"contour_term": 0.05}, "control": {"maxiter": 5000, "t_end": 0.0, "tolerance": 1e-06}}