{"meta": {"sigma": 0.01028371817066653, "r": 0.02392355299049195}, "loss_conf": {"contour_term": 0.05}, "control": {"maxiter": 5000, "t_end": 0.0, "tolerance": 1e-06}}