{"meta": {"sigma": 0.010797830058194393, "r": 0.025119558441068928}, "loss_conf": {"contour_term": 0.05}, "control": {"maxiter": 5000, "t_end": 0.0, "tolerance": 1e-06}}