{"update": {"sigma": 0.05}, "params": {"l": 1.0, "sigma": 0.05, "N": 20, "dx": 0.1, "p_threshold": 0.98, "angle_sigma": 0.39269908169872414}, "meta": {"sigma": 0.0580768376559668, "r": 0.13510719373328248}, "loss_conf": {"contour_term": null, "continuity_term": 1}, "control": {"maxiter": 5000, "t_end": 0.0, "tolerance": 1e-06}}