{"meta": {"sigma": 0.011901583063124001, "r": 0.027687276951399973}, "loss_conf": {"contour_term": 0.05}, "control": {"maxiter": 5000, "t_end": 0.0, "tolerance": 1e-06}}