{"trackidx": 705, "meta": {"sigma": 0.013044160839818263, "r": 0.030345315564756104}, "loss_conf": {}, "control": {"maxiter": 10000, "t_end": 0.0, "tolerance": 1e-06}}