{"trackidx": 436, "meta": {"sigma": 0.01004268669840773, "r": 0.023362828833794647}, "loss_conf": {}, "control": {"maxiter": 10000, "t_end": 0.0, "tolerance": 1e-06}}