{"trackidx": 518, "meta": {"sigma": 0.011584877807524607, "r": 0.02695050890321373}, "loss_conf": {}, "control": {"maxiter": 10000, "t_end": 0.0, "tolerance": 1e-06}}