{"trackidx": 1303, "meta": {"sigma": 0.010206758353111672, "r": 0.023744517330154237}, "loss_conf": {}, "control": {"maxiter": 10000, "t_end": 0.0, "tolerance": 1e-06}}