{"trackidx": 2903, "meta": {"sigma": 0.012574179020373069, "r": 0.02925197220630658}, "loss_conf": {}, "control": {"maxiter": 10000, "t_end": 0.0, "tolerance": 1e-06}}