{"trackidx": 2742, "meta": {"sigma": 0.016402678014435484, "r": 0.038158410231782035}, "loss_conf": {}, "control": {"maxiter": 10000, "t_end": 0.0, "tolerance": 1e-06}}