{"meta": {"sigma": 0.010206758353111672, "r": 0.023744517330154237}, "loss_conf": {"contour_term": 0.05}, "control": {"maxiter": 5000, "t_end": 0.0, "tolerance": 1e-06}}