{"trackidx": 245, "meta": {"sigma": 0.01042342133961761, "r": 0.024248551800248735}, "loss_conf": {}, "control": {"maxiter": 10000, "t_end": 0.0, "tolerance": 1e-06}}