{"trackidx": 1583, "meta": {"sigma": 0.013760248807432346, "r": 0.032011188564653646}, "loss_conf": {}, "control": {"maxiter": 10000, "t_end": 0.0, "tolerance": 1e-06}}