{"trackidx": 2960, "meta": {"sigma": 0.010515187042054114, "r": 0.024462031167197123}, "loss_conf": {}, "control": {"maxiter": 10000, "t_end": 0.0, "tolerance": 1e-06}}