{"meta": {"sigma": 0.007043979250365423, "r": 0.016386778406736597}, "loss_conf": {"contour_term": 0.05}, "control": {"maxiter": 5000, "t_end": 0.0, "tolerance": 1e-06}}