{"meta": {"sigma": 0.013751094273700155, "r": 0.03198989189265131}, "loss_conf": {"contour_term": 0.05}, "control": {"maxiter": 5000, "t_end": 0.0, "tolerance": 1e-06}}