{"trackidx": 1436, "meta": {"sigma": 0.013910054265965487, "r": 0.03235968886055881}, "loss_conf": {}, "control": {"maxiter": 10000, "t_end": 0.0, "tolerance": 1e-06}}