{"trackidx": 2638, "meta": {"sigma": 0.011066695538430739, "r": 0.025745034310496743}, "loss_conf": {}, "control": {"maxiter": 10000, "t_end": 0.0, "tolerance": 1e-06}}