{"meta": {"sigma": 0.01837652152344469, "r": 0.04275026592045847}, "loss_conf": {"contour_term": 0.05}, "control": {"maxiter": 5000, "t_end": 0.0, "tolerance": 1e-06}}