{"meta": {"sigma": 0.010111825879943321, "r": 0.023523670938346303}, "loss_conf": {"contour_term": 0.05}, "control": {"maxiter": 5000, "t_end": 0.0, "tolerance": 1e-06}}