{"meta": {"sigma": 0.008574693994844309, "r": 0.01994776040713056}, "loss_conf": {"contour_term": 0.05}, "control": {"maxiter": 5000, "t_end": 0.0, "tolerance": 1e-06}}