{"trackidx": 406, "meta": {"sigma": 0.00956003461398144, "r": 0.022240009973328412}, "loss_conf": {}, "control": {"maxiter": 10000, "t_end": 0.0, "tolerance": 1e-06}}