{"trackidx": 2937, "meta": {"sigma": 0.011447830970548755, "r": 0.02663168965786304}, "loss_conf": {}, "control": {"maxiter": 10000, "t_end": 0.0, "tolerance": 1e-06}}