{"trackidx": 387, "meta": {"sigma": 0.012146927697259523, "r": 0.02825803504280862}, "loss_conf": {}, "control": {"maxiter": 10000, "t_end": 0.0, "tolerance": 1e-06}}