{"trackidx": 2521, "meta": {"sigma": 0.011646474013404403, "r": 0.027093803387846914}, "loss_conf": {}, "control": {"maxiter": 10000, "t_end": 0.0, "tolerance": 1e-06}}