{"trackidx": 1021, "meta": {"sigma": 0.011506211400084223, "r": 0.02676750311330986}, "loss_conf": {}, "control": {"maxiter": 10000, "t_end": 0.0, "tolerance": 1e-06}}