{"trackidx": 1780, "meta": {"sigma": 0.013820955059343398, "r": 0.032152412702688746}, "loss_conf": {}, "control": {"maxiter": 10000, "t_end": 0.0, "tolerance": 1e-06}}