{"trackidx": 542, "meta": {"sigma": 0.012670813172539437, "r": 0.0294767773032255}, "loss_conf": {}, "control": {"maxiter": 10000, "t_end": 0.0, "tolerance": 1e-06}}