{"trackidx": 2364, "meta": {"sigma": 0.012088624292134385, "r": 0.0281224007732877}, "loss_conf": {}, "control": {"maxiter": 10000, "t_end": 0.0, "tolerance": 1e-06}}