{"meta": {"sigma": 0.03730603328324855, "r": 0.08678698203365942}, "loss_conf": {"contour_term": 0.05}, "control": {"maxiter": 5000, "t_end": 0.0, "tolerance": 1e-06}}