{"meta": {"sigma": 0.00865715635725968, "r": 0.02013959692620131}, "loss_conf": {"contour_term": 0.05}, "control": {"maxiter": 5000, "t_end": 0.0, "tolerance": 1e-06}}