{"update": {"angle_sigma": 0.3141592653589793}, "params": {"l": 1.0, "sigma": 0.05, "N": 40, "dx": 0.1, "p_threshold": 0.98, "angle_sigma": 0.3141592653589793}, "meta": {"sigma": 0.05135892630211523, "r": 0.11947896417738846}, "loss_conf": {}, "control": {"maxiter": 5000, "t_end": 0.0, "tolerance": 1e-06}}