{"initial_exec_time": 68.47461480903439, "execution_time": 415.2708547259681, "solver_iter": 391}