{"meta": {"sigma": 0.007257935185044445, "r": 0.016884515320173613}, "loss_conf": {"contour_term": 0.05}, "control": {"maxiter": 5000, "t_end": 0.0, "tolerance": 1e-06}}