{"trackidx": 1157, "meta": {"sigma": 0.01837652152344469, "r": 0.04275026592045847}, "loss_conf": {}, "control": {"maxiter": 10000, "t_end": 0.0, "tolerance": 1e-06}}