{"meta": {"sigma": 0.013621108618498592, "r": 0.03168749944484107}, "loss_conf": {"contour_term": 0.05}, "control": {"maxiter": 5000, "t_end": 0.0, "tolerance": 1e-06}}