{"meta": {"sigma": 0.010500524919488732, "r": 0.02442792190240351}, "loss_conf": {"contour_term": 0.05}, "control": {"maxiter": 5000, "t_end": 0.0, "tolerance": 1e-06}}