{"meta": {"sigma": 0.012332879497473368, "r": 0.028690624469343336}, "loss_conf": {"contour_term": 0.05}, "control": {"maxiter": 5000, "t_end": 0.0, "tolerance": 1e-06}}