{"trackidx": 983, "meta": {"sigma": 0.014074585908717992, "r": 0.032742447451243446}, "loss_conf": {}, "control": {"maxiter": 10000, "t_end": 0.0, "tolerance": 1e-06}}