{"meta": {"sigma": 0.007963402935496536, "r": 0.01852568195182684}, "loss_conf": {"contour_term": 0.05}, "control": {"maxiter": 5000, "t_end": 0.0, "tolerance": 1e-06}}