{"meta": {"sigma": 0.011872016913485385, "r": 0.02761849566666759}, "loss_conf": {"contour_term": 0.05}, "control": {"maxiter": 5000, "t_end": 0.0, "tolerance": 1e-06}}