{"trackidx": 517, "meta": {"sigma": 0.010825011062909392, "r": 0.025182791038057914}, "loss_conf": {}, "control": {"maxiter": 10000, "t_end": 0.0, "tolerance": 1e-06}}