{"meta": {"sigma": 0.010932177604877608, "r": 0.025432098185826455}, "loss_conf": {"contour_term": 0.05}, "control": {"maxiter": 5000, "t_end": 0.0, "tolerance": 1e-06}}