{"trackidx": 921, "meta": {"sigma": 0.009937780191792353, "r": 0.023118779324812655}, "loss_conf": {}, "control": {"maxiter": 10000, "t_end": 0.0, "tolerance": 1e-06}}