{"meta": {"sigma": 0.0369204523803338, "r": 0.08588998495440119}, "loss_conf": {"contour_term": 0.05}, "control": {"maxiter": 5000, "t_end": 0.0, "tolerance": 1e-06}}