{"trackidx": 3066, "meta": {"sigma": 0.013678816142930404, "r": 0.031821747485849476}, "loss_conf": {}, "control": {"maxiter": 10000, "t_end": 0.0, "tolerance": 1e-06}}